{"tables":{"0":{"name":"SHIP","comment":"\uc120\ubc15","columns":[{"name":"SRN","comment":"\ubc30_\ub4f1\ub85d\ubc88\ud638","dataType":"VARCHAR2(200)","default":"","option":{"autoIncrement":false,"primaryKey":true,"unique":false,"notNull":true},"ui":{"active":false,"pk":true,"fk":false,"pfk":false,"widthName":60,"widthComment":72.53515625,"widthDataType":96.453125,"widthDefault":60},"id":"89c53a92-bce8-4a14-b512-75fae6e4d860"},{"name":"SNAME","comment":"\ubc30\uc774\ub984","dataType":"VARCHAR2(200)","default":"","option":{"autoIncrement":false,"primaryKey":false,"unique":false,"notNull":false},"ui":{"active":false,"pk":false,"fk":false,"pfk":false,"widthName":60,"widthComment":60,"widthDataType":96.453125,"widthDefault":60},"id":"348230d0-cdeb-4d52-be85-9fb806314414"},{"name":"TYPE","comment":"\uc885\ub958","dataType":"VARCHAR2(100)","default":"","option":{"autoIncrement":false,"primaryKey":false,"unique":false,"notNull":false},"ui":{"active":false,"pk":false,"fk":false,"pfk":false,"widthName":60,"widthComment":60,"widthDataType":96.453125,"widthDefault":60},"id":"f38671a4-52e5-410e-85b1-cd331f312d23"},{"name":"MAXCARGO","comment":"\ucd5c\ub300\uc801\uc7ac\ub7c9","dataType":"NUMBER","default":"","option":{"autoIncrement":false,"primaryKey":false,"unique":false,"notNull":false},"ui":{"active":false,"pk":false,"fk":false,"pfk":false,"widthName":73.8491210938,"widthComment":67,"widthDataType":60,"widthDefault":60},"id":"85986000-9784-4913-ac60-431f48f2d37f"},{"name":"POINT","comment":"\uc9c0\uc810","dataType":"VARCHAR2(100)","default":"","option":{"autoIncrement":false,"primaryKey":false,"unique":false,"notNull":true},"ui":{"active":false,"pk":false,"fk":true,"pfk":false,"widthName":60,"widthComment":60,"widthDataType":96.453125,"widthDefault":60},"id":"5ea2f3e8-6da4-4b16-8b5f-d792ae4e500d"},{"name":"SHIPWEIGHT","comment":"\uc120\ubc15\ubb34\uac8c","dataType":"NUMBER","default":"","option":{"autoIncrement":false,"primaryKey":false,"unique":false,"notNull":false},"ui":{"active":false,"pk":false,"fk":false,"pfk":false,"widthName":77.7846679688,"widthComment":60,"widthDataType":60,"widthDefault":60},"id":"6ac5680a-f8f1-42ba-a531-d5c7cc88fc86"},{"name":"STATE","comment":"\uc0c1\ud0dc","dataType":"VARCHAR2(10)","default":"'\uc6b4\ud589\ub300\uae30'","option":{"autoIncrement":false,"primaryKey":false,"unique":false,"notNull":false},"ui":{"active":false,"pk":false,"fk":false,"pfk":false,"widthName":60,"widthComment":60,"widthDataType":89.29296875,"widthDefault":60.0302734375},"id":"920ccaa7-63cc-48e2-b0ea-a04f20bb1710"}],"ui":{"active":false,"left":1401.7496,"top":920.8369,"zIndex":12,"widthName":60,"widthComment":60,"color":"#F7F7F7"},"visible":true,"id":"469cc6f3-7f3b-42af-8520-8be5c57ddfbc"},"1":{"name":"CARGO","comment":"\ud654\ubb3c\ud14c\uc774\ube14","columns":[{"name":"CARGONUMBER","comment":"\ud654\ubb3c\ubc88\ud638","dataType":"NUMBER","default":"SEQ_CARGO_NO.NEXTVAL","option":{"autoIncrement":false,"primaryKey":true,"unique":false,"notNull":true},"ui":{"active":false,"pk":true,"fk":false,"pfk":false,"widthName":98.9541015625,"widthComment":60,"widthDataType":60,"widthDefault":157.0795898438},"id":"7e4848c3-bfd5-43fd-8ebc-5288a3017479"},{"name":"CARGOTYPE","comment":"\ud654\ubb3c\ubd84\ub958","dataType":"VARCHAR2(100)","default":"","option":{"autoIncrement":false,"primaryKey":false,"unique":false,"notNull":false},"ui":{"active":false,"pk":false,"fk":false,"pfk":false,"widthName":73.6904296875,"widthComment":60,"widthDataType":96.453125,"widthDefault":60},"id":"53c6eec4-0342-4671-aff4-f179bb4428e3"},{"name":"CARGOWEIGHT","comment":"\ud654\ubb3c\ubb34\uac8c","dataType":"NUMBER","default":"","option":{"autoIncrement":false,"primaryKey":false,"unique":false,"notNull":false},"ui":{"active":false,"pk":false,"fk":false,"pfk":false,"widthName":93.8251953125,"widthComment":60,"widthDataType":60,"widthDefault":60},"id":"342068ef-dae0-4b89-b102-4eee09421345"},{"name":"ID","comment":"\uc544\uc774\ub514","dataType":"VARCHAR2(100)","default":"","option":{"autoIncrement":false,"primaryKey":false,"unique":false,"notNull":true},"ui":{"active":false,"pk":false,"fk":true,"pfk":false,"widthName":60,"widthComment":60,"widthDataType":96.453125,"widthDefault":60},"id":"6ceb6b9b-8496-4e3c-82ee-698ff5563719"},{"name":"LOCATIONTYPE","comment":"\ubcf4\uad00OR\ubc30\uc1a1\uc124\uc815","dataType":"VARCHAR2(100)","default":"","option":{"autoIncrement":false,"primaryKey":false,"unique":false,"notNull":false},"ui":{"active":false,"pk":false,"fk":false,"pfk":false,"widthName":92.6635742188,"widthComment":97.9829101562,"widthDataType":96.453125,"widthDefault":60},"id":"e680cc93-6f12-4985-9fe1-da9e6253a673"}],"ui":{"active":false,"left":41.2738,"top":604.4535,"zIndex":7,"widthName":60,"widthComment":67,"color":"#5BBEEB"},"visible":true,"id":"60fdff1c-1c50-4ac0-acdd-075aff5ab8ce"},"2":{"name":"SCHEDULE","comment":"\uc6b4\ud589\uc815\ubcf4","columns":[{"name":"SCHEDULENO","comment":"\uc6b4\ud589\uc2dc\ud000\uc2a4","dataType":"NUMBER","default":"SEQ_SCHEDULE_NO.NEXTVAL","option":{"autoIncrement":false,"primaryKey":true,"unique":false,"notNull":true},"ui":{"active":false,"pk":true,"fk":false,"pfk":false,"widthName":84.875,"widthComment":67,"widthDataType":60,"widthDefault":176.2368164062},"id":"0911a30b-0727-423c-9e9f-a85110bb60c4"},{"name":"DEPARTUREPORT","comment":"\ucd9c\ubc1c\ud56d","dataType":"VARCHAR2(100)","default":"","option":{"autoIncrement":false,"primaryKey":false,"unique":false,"notNull":false},"ui":{"active":false,"pk":false,"fk":false,"pfk":false,"widthName":103.20703125,"widthComment":60,"widthDataType":96.453125,"widthDefault":60},"id":"a144a8ad-74b4-4340-a744-68e3ea0730b6"},{"name":"ARRIVALPORT","comment":"\ub3c4\ucc29\ud56d","dataType":"VARCHAR2(100)","default":"","option":{"autoIncrement":false,"primaryKey":false,"unique":false,"notNull":false},"ui":{"active":false,"pk":false,"fk":false,"pfk":false,"widthName":84.1450195312,"widthComment":60,"widthDataType":96.453125,"widthDefault":60},"id":"06c4ca11-d523-40d3-860f-839fdc66a077"},{"name":"PORTCODE","comment":"\ud56d\uad6c\uccad\ucf54\ub4dc","dataType":"VARCHAR2(100)","default":"","option":{"autoIncrement":false,"primaryKey":false,"unique":false,"notNull":true},"ui":{"active":false,"pk":false,"fk":true,"pfk":false,"widthName":67.5205078125,"widthComment":67,"widthDataType":96.453125,"widthDefault":60},"id":"cb4ac35b-00d0-45f5-9b5b-2a2fee513718"},{"name":"ARRIVALDATE","comment":"\ub3c4\ucc29\uc77c","dataType":"VARCHAR2(100)","default":"","option":{"autoIncrement":false,"primaryKey":false,"unique":false,"notNull":false},"ui":{"active":false,"pk":false,"fk":false,"pfk":false,"widthName":82.4692382812,"widthComment":60,"widthDataType":96.453125,"widthDefault":60},"id":"e3de552d-8bd1-4392-9578-f55a09d6b0b2"},{"name":"DEPARTUREDATE","comment":"\ucd9c\ubc1c\uc77c","dataType":"VARCHAR2(100)","default":"","option":{"autoIncrement":false,"primaryKey":false,"unique":false,"notNull":false},"ui":{"active":false,"pk":false,"fk":false,"pfk":false,"widthName":101.53125,"widthComment":60,"widthDataType":96.453125,"widthDefault":60},"id":"f50f2abb-568e-4bdb-8691-6bb73c26e203"}],"ui":{"active":false,"left":696.1323,"top":306.2922,"zIndex":5,"widthName":64.8735351562,"widthComment":60,"color":"#44DF4A"},"visible":true,"id":"dead4ac4-74b1-492c-bbe8-5450d96fe588"},"3":{"name":"CLIENT","comment":"\ud68c\uc6d0","columns":[{"name":"BRN","comment":"\uc0ac\uc5c5\uc790\ub4f1\ub85d\ubc88\ud638","dataType":"VARCHAR2(200)","default":"","option":{"autoIncrement":false,"primaryKey":false,"unique":false,"notNull":false},"ui":{"active":false,"pk":false,"fk":false,"pfk":false,"widthName":60,"widthComment":93,"widthDataType":96.453125,"widthDefault":60},"id":"7faa17aa-b534-4da2-b248-89ff9a6c70c4"},{"name":"PHONE","comment":"\ub300\ud45c\ubc88\ud638","dataType":"VARCHAR2(100)","default":"","option":{"autoIncrement":false,"primaryKey":false,"unique":false,"notNull":false},"ui":{"active":false,"pk":false,"fk":false,"pfk":false,"widthName":60,"widthComment":60,"widthDataType":96.453125,"widthDefault":60},"id":"b447f043-0fbf-4056-8a11-19b0a2a69296"},{"name":"PASSWORD","comment":"\ube44\ubc00\ubc88\ud638","dataType":"VARCHAR2(200)","default":"","option":{"autoIncrement":false,"primaryKey":false,"unique":false,"notNull":false},"ui":{"active":false,"pk":false,"fk":false,"pfk":false,"widthName":70.7133789062,"widthComment":60,"widthDataType":96.453125,"widthDefault":60},"id":"619cf2d6-5442-475b-9227-c921e313fabb"},{"name":"POSTCODE","comment":"\uc6b0\ud3b8\ubc88\ud638","dataType":"NUMBER","default":"","option":{"autoIncrement":false,"primaryKey":false,"unique":false,"notNull":false},"ui":{"active":false,"pk":false,"fk":false,"pfk":false,"widthName":67.0126953125,"widthComment":60,"widthDataType":60,"widthDefault":60},"id":"838dc5df-7fd7-4cbf-9da8-40dc2340f88b"},{"name":"ADDRESS","comment":"\uc8fc\uc18c","dataType":"VARCHAR2(200)","default":"","option":{"autoIncrement":false,"primaryKey":false,"unique":false,"notNull":false},"ui":{"active":false,"pk":false,"fk":false,"pfk":false,"widthName":60,"widthComment":60,"widthDataType":96.453125,"widthDefault":60},"id":"7e7ed5cf-53db-43e9-b57a-207a3642b791"},{"name":"DADDRESS","comment":"\uc0c1\uc138\uc8fc\uc18c","dataType":"VARCHAR2(100)","default":"","option":{"autoIncrement":false,"primaryKey":false,"unique":false,"notNull":false},"ui":{"active":false,"pk":false,"fk":false,"pfk":false,"widthName":67.0698242188,"widthComment":60,"widthDataType":96.453125,"widthDefault":60},"id":"bfa7724f-954e-4c07-8f73-325480d03afe"},{"name":"REGDATE","comment":"\uac00\uc785\ub0a0\uc9dc","dataType":"TIMESTAMP","default":"CURRENT_DATE","option":{"autoIncrement":false,"primaryKey":false,"unique":false,"notNull":false},"ui":{"active":false,"pk":false,"fk":false,"pfk":false,"widthName":60,"widthComment":60,"widthDataType":71.9321289062,"widthDefault":94.6884765625},"id":"cb772eb1-c89c-4ce1-952a-424125dbb0cb"},{"name":"CHK","comment":"CHK","dataType":"NUMBER","default":"","option":{"autoIncrement":false,"primaryKey":false,"unique":false,"notNull":false},"ui":{"active":false,"pk":false,"fk":false,"pfk":false,"widthName":60,"widthComment":60,"widthDataType":60,"widthDefault":60},"id":"eb543f4d-a74d-4cd1-a0f7-d9db2f2af42d"},{"name":"NAME","comment":"\ud68c\uc0ac\uc774\ub984","dataType":"VARCHAR2(100)","default":"","option":{"autoIncrement":false,"primaryKey":false,"unique":false,"notNull":false},"ui":{"active":false,"pk":false,"fk":false,"pfk":false,"widthName":60,"widthComment":60,"widthDataType":96.453125,"widthDefault":60},"id":"232df838-465f-4093-b3c6-ff562595d2fc"},{"name":"ROLE","comment":"\uad8c\ud55c","dataType":"VARCHAR2(100)","default":"","option":{"autoIncrement":false,"primaryKey":false,"unique":false,"notNull":false},"ui":{"active":false,"pk":false,"fk":false,"pfk":false,"widthName":60,"widthComment":60,"widthDataType":96.453125,"widthDefault":60},"id":"4bae94f0-6b26-4cbe-a86a-f46a1fb5f87c"},{"name":"ID","comment":"\uc544\uc774\ub514","dataType":"VARCHAR2(100)","default":"","option":{"autoIncrement":false,"primaryKey":true,"unique":false,"notNull":true},"ui":{"active":false,"pk":true,"fk":false,"pfk":false,"widthName":60,"widthComment":60,"widthDataType":96.453125,"widthDefault":60},"id":"633fd19a-3115-4875-be4a-b9b836d75508"},{"name":"IDCHKQ","comment":"\uc544\uc774\ub514\ud655\uc778\uc9c8\ubb38","dataType":"VARCHAR2(300)","default":"","option":{"autoIncrement":false,"primaryKey":false,"unique":false,"notNull":false},"ui":{"active":false,"pk":false,"fk":false,"pfk":false,"widthName":60,"widthComment":93,"widthDataType":96.453125,"widthDefault":60},"id":"ac3a887a-6e2b-4605-9b96-77768d0216cc"},{"name":"IDCHKA","comment":"\uc544\uc774\ub514\ud655\uc778\ub2f5","dataType":"VARCHAR2(300)","default":"","option":{"autoIncrement":false,"primaryKey":false,"unique":false,"notNull":false},"ui":{"active":false,"pk":false,"fk":false,"pfk":false,"widthName":60,"widthComment":80,"widthDataType":96.453125,"widthDefault":60},"id":"02d10bd2-0664-4c32-940c-c2cc0fcb76b5"},{"name":"EMAIL","comment":"\uc774\uba54\uc77c","dataType":"VARCHAR2(100)","default":"","option":{"autoIncrement":false,"primaryKey":false,"unique":false,"notNull":false},"ui":{"active":false,"pk":false,"fk":false,"pfk":false,"widthName":60,"widthComment":60,"widthDataType":96.453125,"widthDefault":60},"id":"5719545e-ecdb-4ff6-aea0-ba3ebef7e7c6"},{"name":"FILEDATA","comment":"","dataType":"BLOB","default":"","option":{"autoIncrement":false,"primaryKey":false,"unique":false,"notNull":false},"ui":{"active":false,"pk":false,"fk":false,"pfk":false,"widthName":60,"widthComment":60,"widthDataType":60,"widthDefault":60},"id":"757d9416-1b1e-4b9e-b28a-937d006bed45"},{"name":"FILESIZE","comment":"","dataType":"NUMBER","default":"","option":{"autoIncrement":false,"primaryKey":false,"unique":false,"notNull":false},"ui":{"active":false,"pk":false,"fk":false,"pfk":false,"widthName":60,"widthComment":60,"widthDataType":60,"widthDefault":60},"id":"ff9a01b5-6f8f-45b0-8a8a-891b617bce6e"},{"name":"FILENAME","comment":"","dataType":"VARCHAR2(100)","default":"","option":{"autoIncrement":false,"primaryKey":false,"unique":false,"notNull":false},"ui":{"active":false,"pk":false,"fk":false,"pfk":false,"widthName":62.099609375,"widthComment":60,"widthDataType":96.453125,"widthDefault":60},"id":"c85655c7-8796-4c01-9027-66824cee4164"},{"name":"FILETYPE","comment":"","dataType":"VARCHAR2(200)","default":"","option":{"autoIncrement":false,"primaryKey":false,"unique":false,"notNull":false},"ui":{"active":false,"pk":false,"fk":false,"pfk":false,"widthName":60,"widthComment":60,"widthDataType":96.453125,"widthDefault":60},"id":"b496b39f-cf29-4d24-bc99-7bf2a7ebc5ca"}],"ui":{"active":false,"left":89.0544,"top":98.4668,"zIndex":13,"widthName":60,"widthComment":60,"color":"#E75A4C"},"visible":true,"id":"559f6975-2b16-48a2-9dad-2874c615c85f"},"4":{"name":"ESTIMATE","comment":"\uac00\uacac\uc801\uc11c","columns":[{"name":"ESTIMATENO","comment":"\uacac\uc801\ubc88\ud638","dataType":"NUMBER","default":"SEQ_ESTIMATE_NO.NEXTVAL","option":{"autoIncrement":false,"primaryKey":true,"unique":false,"notNull":true},"ui":{"active":false,"pk":true,"fk":false,"pfk":false,"widthName":79.3588867188,"widthComment":60,"widthDataType":60,"widthDefault":170.720703125},"id":"b27fcb10-001b-42af-8f06-d26c671a8000"},{"name":"ID","comment":"\uc8fc\ubb38\uc790\uc544\uc774\ub514","dataType":"VARCHAR2(100)","default":"","option":{"autoIncrement":false,"primaryKey":false,"unique":false,"notNull":false},"ui":{"active":false,"pk":false,"fk":false,"pfk":false,"widthName":60,"widthComment":80,"widthDataType":96.453125,"widthDefault":60},"id":"59b5ec79-62ad-4b84-98f4-ffbfc4a3dad6"},{"name":"TOTALFARE","comment":"\ubd80\ub2f4\uae08\uc561(\uac00\uacac\uc801)","dataType":"NUMBER","default":"","option":{"autoIncrement":false,"primaryKey":false,"unique":false,"notNull":false},"ui":{"active":false,"pk":false,"fk":false,"pfk":false,"widthName":67.1904296875,"widthComment":100.921875,"widthDataType":60,"widthDefault":60},"id":"341d1b16-1e37-42af-8877-22548255d4d2"},{"name":"PORTFACFARE","comment":"\ud56d\ub9cc\uc2dc\uc124\uc0ac\uc6a9\ub8cc","dataType":"NUMBER","default":"","option":{"autoIncrement":false,"primaryKey":false,"unique":false,"notNull":false},"ui":{"active":false,"pk":false,"fk":false,"pfk":false,"widthName":84.9448242188,"widthComment":93,"widthDataType":60,"widthDefault":60},"id":"25114090-f251-4c24-aae2-79995b7243bc"},{"name":"SCHEDULENO","comment":"\uc6b4\ud589\uc2dc\ud000\uc2a4","dataType":"NUMBER","default":"","option":{"autoIncrement":false,"primaryKey":false,"unique":false,"notNull":true},"ui":{"active":false,"pk":false,"fk":true,"pfk":false,"widthName":84.875,"widthComment":67,"widthDataType":60,"widthDefault":60},"id":"66ab7fd6-04b5-4210-9041-e947cceb2dbb"},{"name":"CARGONUMBER","comment":"\ud654\ubb3c\ubc88\ud638","dataType":"NUMBER","default":"","option":{"autoIncrement":false,"primaryKey":false,"unique":false,"notNull":true},"ui":{"active":false,"pk":false,"fk":true,"pfk":false,"widthName":98.9541015625,"widthComment":60,"widthDataType":60,"widthDefault":60},"id":"b0f84ef4-52db-42b9-a006-151968036146"},{"name":"STATE","comment":"\uc9c4\ud589\uc0c1\ud0dc(\ub300\uae30,\uc644\ub8cc)","dataType":"VARCHAR2(100)","default":"'\ub300\uae30'","option":{"autoIncrement":false,"primaryKey":false,"unique":false,"notNull":false},"ui":{"active":false,"pk":false,"fk":false,"pfk":false,"widthName":60,"widthComment":116.765625,"widthDataType":96.453125,"widthDefault":60},"id":"08587fa2-34e9-4131-bb24-d66e7fdab5bf"},{"name":"ESTIMATEDATE","comment":"\uacac\uc801\uc77c\uc790","dataType":"TIMESTAMP","default":"CURRENT_TIME","option":{"autoIncrement":false,"primaryKey":false,"unique":false,"notNull":false},"ui":{"active":false,"pk":false,"fk":false,"pfk":false,"widthName":89.6611328125,"widthComment":60,"widthDataType":71.9321289062,"widthDefault":93.4760742188},"id":"ac09b71b-0227-40b5-aa3b-4221da568d73"}],"ui":{"active":false,"left":675.5602,"top":573.8014,"zIndex":6,"widthName":60,"widthComment":60,"color":"#FFEB3B"},"visible":true,"id":"6bc3ffd3-b9fc-4abe-a0b2-beff6c2376d1"},"5":{"name":"LOCATION","comment":" \uc2e4\uc81c\uc704\uce58","columns":[{"name":"POINT","comment":"\uc9c0\uc810","dataType":"VARCHAR2(100)","default":"","option":{"autoIncrement":false,"primaryKey":true,"unique":false,"notNull":true},"ui":{"active":false,"pk":true,"fk":false,"pfk":false,"widthName":60,"widthComment":60,"widthDataType":96.453125,"widthDefault":60},"id":"e227d6aa-659d-40e0-83e7-5c2adb188fda"},{"name":"LATITUDE","comment":"\uc704\ub3c4","dataType":"NUMBER","default":"","option":{"autoIncrement":false,"primaryKey":false,"unique":false,"notNull":false},"ui":{"active":false,"pk":false,"fk":false,"pfk":false,"widthName":60,"widthComment":60,"widthDataType":60,"widthDefault":60},"id":"02ae19c3-2a1a-4bb7-8d43-b33b57dc755f"},{"name":"LONGITUDE","comment":"\uacbd\ub3c4","dataType":"NUMBER","default":"","option":{"autoIncrement":false,"primaryKey":false,"unique":false,"notNull":false},"ui":{"active":false,"pk":false,"fk":false,"pfk":false,"widthName":72.509765625,"widthComment":60,"widthDataType":60,"widthDefault":60},"id":"88f9e577-771f-4a54-acd2-aff0a24c5ae7"},{"name":"DEPARTUREPORT","comment":"\ucd9c\ubc1c\ud56d","dataType":"VARCHAR2(100)","default":"","option":{"autoIncrement":false,"primaryKey":false,"unique":false,"notNull":false},"ui":{"active":false,"pk":false,"fk":false,"pfk":false,"widthName":103.20703125,"widthComment":60,"widthDataType":96.453125,"widthDefault":60},"id":"1d7d8200-593d-416e-a795-d4b8615d6578"},{"name":"ARRIVALPORT","comment":"\ub3c4\ucc29\ud56d","dataType":"VARCHAR2(100)","default":"","option":{"autoIncrement":false,"primaryKey":false,"unique":false,"notNull":false},"ui":{"active":false,"pk":false,"fk":false,"pfk":false,"widthName":84.1450195312,"widthComment":60,"widthDataType":96.453125,"widthDefault":60},"id":"39cdd56c-3e30-41d6-98fc-dbed0bc17e93"}],"ui":{"active":false,"left":1395.7935,"top":1200.7969,"zIndex":2,"widthName":64.0610351562,"widthComment":60,"color":"#EC88B7"},"visible":true,"id":"0d643003-b8d3-4467-bd67-7dc14efa7338"},"6":{"name":"PAYMENT","comment":"\ud574\uc0c1\uc218\uc1a1\uacb0\uc81c","columns":[{"name":"PNO","comment":"\uacb0\uc81c\ubc88\ud638","dataType":"NUMBER","default":"SEQ_PAYMENT_NO.NEXTVAL","option":{"autoIncrement":false,"primaryKey":true,"unique":false,"notNull":true},"ui":{"active":false,"pk":true,"fk":false,"pfk":false,"widthName":60,"widthComment":60,"widthDataType":60,"widthDefault":170.0415039062},"id":"8d1b003c-c0f9-4a72-bd70-70ec446a9333"},{"name":"PAYWAY","comment":"\uacb0\uc81c\ubc29\ubc95","dataType":"VARCHAR2(100)","default":"","option":{"autoIncrement":false,"primaryKey":false,"unique":false,"notNull":false},"ui":{"active":false,"pk":false,"fk":false,"pfk":false,"widthName":60,"widthComment":60,"widthDataType":96.453125,"widthDefault":60},"id":"f8daa8fc-5626-4a02-bbb3-a878092076e8"},{"name":"ORDERNO","comment":"\uc8fc\ubb38\ubc88\ud638","dataType":"VARCHAR2(200)","default":"","option":{"autoIncrement":false,"primaryKey":false,"unique":false,"notNull":true},"ui":{"active":false,"pk":false,"fk":true,"pfk":false,"widthName":63.9594726562,"widthComment":60,"widthDataType":96.453125,"widthDefault":60},"id":"33e897f0-e803-4915-a3f5-e863542381a1"}],"ui":{"active":false,"left":1360.1694,"top":321.542,"zIndex":3,"widthName":60,"widthComment":80,"color":"#3900FF"},"visible":true,"id":"345305e6-a416-4832-94b4-5309aa9a9731"},"7":{"name":"UNLOAD","comment":"\ud558\uc5ed","columns":[{"name":"PORTNAME","comment":"\ud56d\uad6c\uccad\uc774\ub984","dataType":"VARCHAR2(100)","default":"","option":{"autoIncrement":false,"primaryKey":false,"unique":false,"notNull":false},"ui":{"active":false,"pk":false,"fk":false,"pfk":false,"widthName":71.1259765625,"widthComment":67,"widthDataType":96.453125,"widthDefault":60},"id":"424fa1fc-7e79-472f-bc31-99958950625e"},{"name":"LANDINGDEVICENAME","comment":"\ud558\uc5ed\uae30\uae30\uba85","dataType":"VARCHAR2(100)","default":"","option":{"autoIncrement":false,"primaryKey":false,"unique":false,"notNull":false},"ui":{"active":false,"pk":false,"fk":false,"pfk":false,"widthName":138.9760742188,"widthComment":67,"widthDataType":96.453125,"widthDefault":60},"id":"14f60d33-48ba-41bf-b74c-9bfe31868da9"},{"name":"LANDINGABILITY","comment":"\ud558\uc5ed\ub2a5\ub825","dataType":"NUMBER","default":"","option":{"autoIncrement":false,"primaryKey":false,"unique":false,"notNull":false},"ui":{"active":false,"pk":false,"fk":false,"pfk":false,"widthName":102.9150390625,"widthComment":60,"widthDataType":60,"widthDefault":60},"id":"33d75832-e391-41d0-9307-fb7a3e21f981"},{"name":"PORTCODE","comment":"\ud56d\uad6c\uccad\ucf54\ub4dc","dataType":"VARCHAR2(100)","default":"","option":{"autoIncrement":false,"primaryKey":false,"unique":false,"notNull":true},"ui":{"active":false,"pk":false,"fk":true,"pfk":false,"widthName":67.5205078125,"widthComment":67,"widthDataType":96.453125,"widthDefault":60},"id":"f5a1fee4-3e61-4063-8e77-1892c0e7da9b"},{"name":"UNLOADPLACE","comment":"\ud558\uc5ed\uc7a5\uc18c","dataType":"VARCHAR2(100)","default":"","option":{"autoIncrement":false,"primaryKey":false,"unique":false,"notNull":true},"ui":{"active":false,"pk":false,"fk":false,"pfk":false,"widthName":92.0034179688,"widthComment":60,"widthDataType":96.453125,"widthDefault":60},"id":"fa2f8f5c-3dfc-4353-bb6a-95e0cd1f1c92"},{"name":"UNLOADNO","comment":"","dataType":"NUMBER","default":"","option":{"autoIncrement":false,"primaryKey":true,"unique":false,"notNull":true},"ui":{"active":false,"pk":true,"fk":false,"pfk":false,"widthName":74.591796875,"widthComment":60,"widthDataType":60,"widthDefault":60},"id":"1a7ff18a-878c-4191-9059-8f038c7e7238"}],"ui":{"active":false,"left":1258.3564,"top":67.2148,"zIndex":9,"widthName":60,"widthComment":60,"color":"#FCA85B"},"visible":true,"id":"099f6444-93f6-4a1e-aeb9-11d5d5b49bf4"},"8":{"name":"LANDTRANSPORTATION","comment":"\uc721\uc0c1\uc218\uc1a1","columns":[{"name":"UNLOADPLACE","comment":"\ud558\uc5ed\uc7a5\uc18c","dataType":"VARCHAR2(100)","default":"","option":{"autoIncrement":false,"primaryKey":false,"unique":false,"notNull":true},"ui":{"active":false,"pk":false,"fk":false,"pfk":false,"widthName":92.0034179688,"widthComment":60,"widthDataType":96.453125,"widthDefault":60},"id":"86d0561a-69e7-45b2-a939-e18b250e4dfd"},{"name":"NUMBER","comment":"\ucc28\ub7c9\ubc88\ud638","dataType":"VARCHAR2(100)","default":"","option":{"autoIncrement":false,"primaryKey":true,"unique":false,"notNull":true},"ui":{"active":false,"pk":true,"fk":false,"pfk":false,"widthName":60,"widthComment":60,"widthDataType":96.453125,"widthDefault":60},"id":"3dbf92a5-0d4a-4003-84a8-a97e1ad10e69"},{"name":"RIDER","comment":"\uae30\uc0ac","dataType":"VARCHAR2(50)","default":"","option":{"autoIncrement":false,"primaryKey":false,"unique":false,"notNull":false},"ui":{"active":false,"pk":false,"fk":false,"pfk":false,"widthName":60,"widthComment":60,"widthDataType":89.29296875,"widthDefault":60},"id":"001c2ecc-9003-4d5f-aba3-9b5acc3d5cdf"},{"name":"VEHICLETYPE","comment":"\ucc28\ub791\uc885\ub958","dataType":"VARCHAR2(100)","default":"","option":{"autoIncrement":false,"primaryKey":false,"unique":false,"notNull":false},"ui":{"active":false,"pk":false,"fk":false,"pfk":false,"widthName":79.7397460938,"widthComment":60,"widthDataType":96.453125,"widthDefault":60},"id":"cfbd1c80-bd8a-408f-abd5-89130acf80d2"},{"name":"WEIGHT","comment":"\uc801\uc7ac\ubb34\uac8c","dataType":"NUMBER","default":"","option":{"autoIncrement":false,"primaryKey":false,"unique":false,"notNull":false},"ui":{"active":false,"pk":false,"fk":false,"pfk":false,"widthName":60,"widthComment":60,"widthDataType":60,"widthDefault":60},"id":"9b85ae0a-623c-4dbe-b9fd-b5ba5b636de8"}],"ui":{"active":false,"left":664.8179,"top":1269.527,"zIndex":14,"widthName":145.1967773438,"widthComment":60,"color":"#6D49EC"},"visible":true,"id":"adbe1ee5-3d01-46ca-b292-2474f8e9f6fe"},"9":{"name":"PORT","comment":"\ud56d\uad6c","columns":[{"name":"PORTCODE","comment":"\ud56d\uad6c\uccad\ucf54\ub4dc","dataType":"VARCHAR2(100)","default":"","option":{"autoIncrement":false,"primaryKey":true,"unique":false,"notNull":true},"ui":{"active":false,"pk":true,"fk":false,"pfk":false,"widthName":67.5205078125,"widthComment":67,"widthDataType":96.453125,"widthDefault":60},"id":"52f2fead-95b1-451f-b80e-62ce01e624f1"},{"name":"PORTNAME","comment":"\ud56d\uad6c\uc774\ub984","dataType":"VARCHAR2(100)","default":"","option":{"autoIncrement":false,"primaryKey":false,"unique":false,"notNull":false},"ui":{"active":false,"pk":false,"fk":false,"pfk":false,"widthName":71.1259765625,"widthComment":60,"widthDataType":96.453125,"widthDefault":60},"id":"a87e772d-4ab6-49ef-ab5b-e409f9c708aa"},{"name":"TOTALFEE","comment":"\ud56d\uad6c\uae30\ubcf8\ub8cc","dataType":"NUMBER","default":"","option":{"autoIncrement":false,"primaryKey":false,"unique":false,"notNull":false},"ui":{"active":false,"pk":false,"fk":false,"pfk":false,"widthName":60,"widthComment":67,"widthDataType":60,"widthDefault":60},"id":"4d3328af-5f9d-4b35-aa71-5fa93dc9ab8d"}],"ui":{"active":false,"left":770.6993,"top":98.1362,"zIndex":1,"widthName":60,"widthComment":60,"color":"#795548"},"visible":true,"id":"1d0edf3e-5f85-4a3a-beb4-7dfe1bcf12f8"},"10":{"name":"ORDERTABLE","comment":"\ucd5c\uc885\ud654\ubb3c\uc8fc\ubb38","columns":[{"name":"ORDERNO","comment":"\uc8fc\ubb38\ubc88\ud638","dataType":"VARCHAR2(200)","default":"","option":{"autoIncrement":false,"primaryKey":true,"unique":false,"notNull":true},"ui":{"active":false,"pk":true,"fk":false,"pfk":false,"widthName":63.9594726562,"widthComment":60,"widthDataType":96.453125,"widthDefault":60},"id":"e33b6292-fe95-4099-a961-f85d62f3a093"},{"name":"ID","comment":"\uc8fc\ubb38\uc790\uc544\uc774\ub514","dataType":"VARCHAR2(100)","default":"","option":{"autoIncrement":false,"primaryKey":false,"unique":false,"notNull":false},"ui":{"active":false,"pk":false,"fk":false,"pfk":false,"widthName":60,"widthComment":80,"widthDataType":96.453125,"widthDefault":60},"id":"ed029d6b-ea45-4f57-bf2e-2add8ceb7849"},{"name":"DEPARTUREPORT","comment":"\ucd9c\ubc1c\ud56d","dataType":"VARCHAR2(100)","default":"","option":{"autoIncrement":false,"primaryKey":false,"unique":false,"notNull":false},"ui":{"active":false,"pk":false,"fk":false,"pfk":false,"widthName":103.20703125,"widthComment":60,"widthDataType":96.453125,"widthDefault":60},"id":"ff9da420-9abc-4e4a-8a87-5f129690fbb2"},{"name":"ARRIVALPORT","comment":"\ub3c4\ucc29\ud56d","dataType":"VARCHAR2(100)","default":"","option":{"autoIncrement":false,"primaryKey":false,"unique":false,"notNull":false},"ui":{"active":false,"pk":false,"fk":false,"pfk":false,"widthName":84.1450195312,"widthComment":60,"widthDataType":96.453125,"widthDefault":60},"id":"b653c902-3d3e-4b53-8856-d8ddb75ea43a"},{"name":"TOTALFARE","comment":"\ucd1d\ubd80\ub2f4\uc561","dataType":"NUMBER","default":"","option":{"autoIncrement":false,"primaryKey":false,"unique":false,"notNull":false},"ui":{"active":false,"pk":false,"fk":false,"pfk":false,"widthName":67.1904296875,"widthComment":60,"widthDataType":60,"widthDefault":60},"id":"767f4bb2-fc85-4fd5-80bd-b126f5bfd763"},{"name":"ESTIMATENO","comment":"\uacac\uc801\ubc88\ud638","dataType":"NUMBER","default":"","option":{"autoIncrement":false,"primaryKey":false,"unique":false,"notNull":true},"ui":{"active":false,"pk":false,"fk":true,"pfk":false,"widthName":79.3588867188,"widthComment":60,"widthDataType":60,"widthDefault":60},"id":"91170d10-df87-4ba3-8c42-4a22d9412fa7"},{"name":"SRN","comment":"\ubc30_\ub4f1\ub85d\ubc88\ud638","dataType":"VARCHAR2(200)","default":"","option":{"autoIncrement":false,"primaryKey":false,"unique":false,"notNull":true},"ui":{"active":false,"pk":false,"fk":true,"pfk":false,"widthName":60,"widthComment":72.53515625,"widthDataType":96.453125,"widthDefault":60},"id":"10eaa8c4-2232-4627-be37-0062a6ccf588"},{"name":"STATE","comment":"\uc0c1\ud0dc(\ub300\uae30,\ucde8\uc18c,\uc644\ub8cc)","dataType":"VARCHAR2(20)","default":"'\uacb0\uc81c\ub300\uae30'","option":{"autoIncrement":false,"primaryKey":false,"unique":false,"notNull":false},"ui":{"active":false,"pk":false,"fk":false,"pfk":false,"widthName":60,"widthComment":119.609375,"widthDataType":89.29296875,"widthDefault":60.0302734375},"id":"fc0b8c4c-023b-4886-b512-9f69dbd42335"},{"name":"ORDERDATE","comment":"\uc8fc\ubb38\uc77c\uc790","dataType":"TIMESTAMP","default":"CURRENT_DATE","option":{"autoIncrement":false,"primaryKey":false,"unique":false,"notNull":false},"ui":{"active":false,"pk":false,"fk":false,"pfk":false,"widthName":74.26171875,"widthComment":60,"widthDataType":71.9321289062,"widthDefault":94.6884765625},"id":"7406d3cf-ef4a-4524-a9de-43f9e1e54c4a"}],"ui":{"active":false,"left":1348.0892,"top":563.3108,"zIndex":8,"widthName":78.5844726562,"widthComment":80,"color":"#607D8B"},"visible":true,"id":"fe0cf792-e3d4-4665-860b-3bd2124c3fb8"},"11":{"name":"DESTINATION","comment":"\ubaa9\uc801\uc9c0","columns":[{"name":"DESTINATIONNAME","comment":"\ubaa9\uc801\uc9c0\uba85","dataType":"VARCHAR2(100)","default":"","option":{"autoIncrement":false,"primaryKey":true,"unique":false,"notNull":true},"ui":{"active":false,"pk":true,"fk":false,"pfk":false,"widthName":120.6440429688,"widthComment":60,"widthDataType":96.453125,"widthDefault":60},"id":"85c3dbf5-7d7d-4559-badb-eba6f4a8cb1a"},{"name":"ADDRESS","comment":"\uc8fc\uc18c","dataType":"VARCHAR2(100)","default":"","option":{"autoIncrement":false,"primaryKey":false,"unique":false,"notNull":true},"ui":{"active":false,"pk":false,"fk":false,"pfk":false,"widthName":60,"widthComment":60,"widthDataType":96.453125,"widthDefault":60},"id":"fb5dce0f-f115-4b19-a754-cfbd188c3c73"},{"name":"LATITUDE","comment":"\uc704\ub3c4","dataType":"NUMBER","default":"","option":{"autoIncrement":false,"primaryKey":false,"unique":false,"notNull":false},"ui":{"active":false,"pk":false,"fk":false,"pfk":false,"widthName":60,"widthComment":60,"widthDataType":60,"widthDefault":60},"id":"358c1c80-dcef-4722-89df-ccd96cf8557f"},{"name":"LONGITUDE","comment":"\uacbd\ub3c4","dataType":"NUMBER","default":"","option":{"autoIncrement":false,"primaryKey":false,"unique":false,"notNull":false},"ui":{"active":false,"pk":false,"fk":false,"pfk":false,"widthName":72.509765625,"widthComment":60,"widthDataType":60,"widthDefault":60},"id":"60ca2ce9-ac83-4af0-b7cf-75c056e5aa91"},{"name":"MAXCARGO","comment":"\ucd5c\ub300\uc801\uc7ac\ub7c9","dataType":"NUMBER","default":"","option":{"autoIncrement":false,"primaryKey":false,"unique":false,"notNull":false},"ui":{"active":false,"pk":false,"fk":false,"pfk":false,"widthName":73.8491210938,"widthComment":67,"widthDataType":60,"widthDefault":60},"id":"c687a6c1-6609-4369-825c-2303663ec6c9"},{"name":"CONTAINERTYPE","comment":"\uc57c\uc801\uc7a5OR\ucc3d\uace0","dataType":"VARCHAR2(50)","default":"","option":{"autoIncrement":false,"primaryKey":false,"unique":false,"notNull":false},"ui":{"active":false,"pk":false,"fk":false,"pfk":false,"widthName":100.8583984375,"widthComment":84.9829101562,"widthDataType":89.29296875,"widthDefault":60},"id":"dff373bf-67ca-443a-a619-a9b5a31adb68"},{"name":"OPERATIONTIME","comment":"\uc6b4\uc601\uc2dc\uac04","dataType":"VARCHAR2(200)","default":"","option":{"autoIncrement":false,"primaryKey":false,"unique":false,"notNull":false},"ui":{"active":false,"pk":false,"fk":false,"pfk":false,"widthName":101.2138671875,"widthComment":60,"widthDataType":96.453125,"widthDefault":60},"id":"247a0417-aede-4c48-8e31-ae1ef9e01fbc"}],"ui":{"active":false,"left":692.4388,"top":907.1946,"zIndex":4,"widthName":83.4975585938,"widthComment":60,"color":"#00FFE3"},"visible":true,"id":"0e555b19-5bfd-40a2-9003-d61d4fd1cfb7"},"12":{"name":"APPLICATION","comment":"\uc2e0\uccad\uc11c","columns":[{"name":"APPLICATIONNO","comment":"\uc2e0\uccad\ubc88\ud638","dataType":"NUMBER","default":"SEQ_APPLICATION_NO.NEXTVAL","option":{"autoIncrement":false,"primaryKey":true,"unique":false,"notNull":true},"ui":{"active":false,"pk":true,"fk":false,"pfk":false,"widthName":101.3979492188,"widthComment":60,"widthDataType":60,"widthDefault":192.759765625},"id":"65565408-926d-4604-b10c-02c51bf2177f"},{"name":"ID","comment":"\uc2e0\uccad\uc790\uc544\uc774\ub514","dataType":"VARCHAR2(100)","default":"","option":{"autoIncrement":false,"primaryKey":false,"unique":false,"notNull":false},"ui":{"active":false,"pk":false,"fk":false,"pfk":false,"widthName":60,"widthComment":80,"widthDataType":96.453125,"widthDefault":60},"id":"6fc79aa5-722d-4898-bdad-954ebb9365c1"},{"name":"NAME","comment":"\uc2e0\uccad\uc790\uc774\ub984","dataType":"VARCHAR2(100)","default":"","option":{"autoIncrement":false,"primaryKey":false,"unique":false,"notNull":false},"ui":{"active":false,"pk":false,"fk":false,"pfk":false,"widthName":60,"widthComment":67,"widthDataType":96.453125,"widthDefault":60},"id":"e9a2e174-2e7e-4cab-ae7c-bb396da3b70e"},{"name":"PHONE","comment":"\uc2e0\uccad\uc790\uc5f0\ub77d\ucc98","dataType":"VARCHAR2(50)","default":"","option":{"autoIncrement":false,"primaryKey":false,"unique":false,"notNull":false},"ui":{"active":false,"pk":false,"fk":false,"pfk":false,"widthName":60,"widthComment":80,"widthDataType":89.29296875,"widthDefault":60},"id":"b3e6421b-b41b-440e-a654-359a5898a437"},{"name":"EMAIL","comment":"\uc2e0\uccad\uc790\uc774\uba54\uc77c","dataType":"VARCHAR2(100)","default":"","option":{"autoIncrement":false,"primaryKey":false,"unique":false,"notNull":false},"ui":{"active":false,"pk":false,"fk":false,"pfk":false,"widthName":60,"widthComment":80,"widthDataType":96.453125,"widthDefault":60},"id":"93c1d373-8edb-4d82-990a-d1c89068c283"},{"name":"CNAME","comment":"\ubcf4\uad00\uc18c\uc774\ub984","dataType":"VARCHAR2(100)","default":"","option":{"autoIncrement":false,"primaryKey":false,"unique":false,"notNull":false},"ui":{"active":false,"pk":false,"fk":false,"pfk":false,"widthName":60,"widthComment":67,"widthDataType":96.453125,"widthDefault":60},"id":"3d81c6b3-091c-45c5-ab24-0037a7070437"},{"name":"KEEPINGPERIOD","comment":"\ubcf4\uad00\uae30\uac04","dataType":"VARCHAR2(100)","default":"","option":{"autoIncrement":false,"primaryKey":false,"unique":false,"notNull":false},"ui":{"active":false,"pk":false,"fk":false,"pfk":false,"widthName":98.078125,"widthComment":60,"widthDataType":96.453125,"widthDefault":60},"id":"a3e7067f-affc-4384-924a-ce898b16baa2"},{"name":"CARGONUMBER","comment":"\ud654\ubb3c\ubc88\ud638","dataType":"NUMBER","default":"","option":{"autoIncrement":false,"primaryKey":false,"unique":false,"notNull":true},"ui":{"active":false,"pk":false,"fk":true,"pfk":false,"widthName":98.9541015625,"widthComment":60,"widthDataType":60,"widthDefault":60},"id":"da587886-c2e6-4836-a190-6c4d9c9220a8"},{"name":"CARGOTYPE","comment":"\ud654\ubb3c\uc885\ub958","dataType":"VARCHAR2(100)","default":"","option":{"autoIncrement":false,"primaryKey":false,"unique":false,"notNull":false},"ui":{"active":false,"pk":false,"fk":false,"pfk":false,"widthName":73.6904296875,"widthComment":60,"widthDataType":96.453125,"widthDefault":60},"id":"6110e18e-2a59-4d1f-8481-aebda7e06088"},{"name":"CARGOWEIGHT","comment":"\ud654\ubb3c\ubb34\uac8c","dataType":"NUMBER","default":"","option":{"autoIncrement":false,"primaryKey":false,"unique":false,"notNull":false},"ui":{"active":false,"pk":false,"fk":false,"pfk":false,"widthName":93.8251953125,"widthComment":60,"widthDataType":60,"widthDefault":60},"id":"902b88a0-4211-4261-9d71-de2e8ce5143a"},{"name":"DESTINATIONNAME","comment":"\ubaa9\uc801\uc9c0\uba85","dataType":"VARCHAR2(100)","default":"","option":{"autoIncrement":false,"primaryKey":false,"unique":false,"notNull":true},"ui":{"active":false,"pk":false,"fk":true,"pfk":false,"widthName":120.6440429688,"widthComment":60,"widthDataType":96.453125,"widthDefault":60},"id":"cfdbdbbd-9724-4b30-a2cd-76c8eeb0f245"},{"name":"APPLYDATE","comment":"\uc2e0\uccad\uc77c\uc790","dataType":"TIMESTAMP","default":"CURRENT_DATE","option":{"autoIncrement":false,"primaryKey":false,"unique":false,"notNull":false},"ui":{"active":false,"pk":false,"fk":false,"pfk":false,"widthName":68.3837890625,"widthComment":60,"widthDataType":71.9321289062,"widthDefault":94.6884765625},"id":"924eb410-ca0c-4039-90c7-a77cbed708f7"}],"ui":{"active":false,"left":21.4446,"top":856.4457,"zIndex":11,"widthName":81.396484375,"widthComment":60,"color":"#FF6800"},"visible":true,"id":"f8b14671-930e-4ce1-afec-b4f9b7b855b6"},"13":{"name":"TRANSPORTORDER","comment":"\ucd5c\uc885\uc218\uc1a1\uc8fc\ubb38","columns":[{"name":"INVOICENUMBER","comment":"\uc6b4\uc1a1\uc7a5\ubc88\ud638","dataType":"VARCHAR2(100)","default":"","option":{"autoIncrement":false,"primaryKey":true,"unique":false,"notNull":true},"ui":{"active":false,"pk":true,"fk":false,"pfk":false,"widthName":105.3969726562,"widthComment":67,"widthDataType":96.453125,"widthDefault":60},"id":"34cad64f-f99f-469f-8030-5defeae0f11f"},{"name":"DESTINATION","comment":"\ucd5c\uc885\ubaa9\uc801\uc9c0","dataType":"VARCHAR2(100)","default":"","option":{"autoIncrement":false,"primaryKey":false,"unique":false,"notNull":false},"ui":{"active":false,"pk":false,"fk":false,"pfk":false,"widthName":83.4975585938,"widthComment":67,"widthDataType":96.453125,"widthDefault":60},"id":"96df3d5a-fc62-45de-b26d-605c40e92ed1"},{"name":"TRANSPORTCHARGE","comment":"\ubc30\uc1a1\ube44","dataType":"NUMBER","default":"","option":{"autoIncrement":false,"primaryKey":false,"unique":false,"notNull":false},"ui":{"active":false,"pk":false,"fk":false,"pfk":false,"widthName":123.5830078125,"widthComment":60,"widthDataType":60,"widthDefault":60},"id":"c3e2cff4-b19b-473c-9f69-bd2cacf353ed"},{"name":"ORDERDATE","comment":"\uc8fc\ubb38\uc77c\uc790","dataType":"TIMESTAMP","default":"CURRENT_DATE","option":{"autoIncrement":false,"primaryKey":false,"unique":false,"notNull":false},"ui":{"active":false,"pk":false,"fk":false,"pfk":false,"widthName":74.26171875,"widthComment":60,"widthDataType":71.9321289062,"widthDefault":94.6884765625},"id":"26466507-ff18-457a-891f-78fa26ad3033"},{"name":"NUMBER","comment":"\ucc28\ub7c9\ubc88\ud638","dataType":"VARCHAR2(100)","default":"","option":{"autoIncrement":false,"primaryKey":false,"unique":false,"notNull":true},"ui":{"active":false,"pk":false,"fk":true,"pfk":false,"widthName":60,"widthComment":60,"widthDataType":96.453125,"widthDefault":60},"id":"c52d8deb-a86a-4faa-af77-2c7033163ad4"},{"name":"APPLICATIONNO","comment":"\uc2e0\uccad\ubc88\ud638","dataType":"NUMBER","default":"","option":{"autoIncrement":false,"primaryKey":false,"unique":false,"notNull":true},"ui":{"active":false,"pk":false,"fk":true,"pfk":false,"widthName":101.3979492188,"widthComment":60,"widthDataType":60,"widthDefault":60},"id":"7a7a8909-53d4-4769-bf31-dadbf67af6d1"}],"ui":{"active":false,"left":75.2772,"top":1259.5545,"zIndex":10,"widthName":115.7373046875,"widthComment":80,"color":"#13FF00"},"visible":true,"id":"1ec136cc-1081-4130-98b5-ee398196705a"}}}